entry_time,exit_time,direction,entry_price,exit_price,pips,exit_reason,max_drawup_pips,max_drawdown_pips,duration_bars,take_profit,stop_loss,win,equity
2025-05-22 14:50:00,2025-05-22 14:55:00,Short,3301.31,3303.44,-2.130000000000109,SL,0.0,13.389999999999873,1,2.6599999999998545,2.130000000000109,False,-2.130000000000109
2025-05-22 15:15:00,2025-05-22 15:20:00,Short,3307.09,3309.31,-2.2199999999998,SL,0.0,5.5,1,2.7800000000002,2.2199999999998,False,-4.349999999999909
2025-05-22 15:25:00,2025-05-22 15:30:00,Short,3309.17,3311.3,-2.130000000000109,SL,0.900000000000091,2.3299999999999272,1,2.6599999999998545,2.130000000000109,False,-6.480000000000018
2025-05-22 15:40:00,2025-05-22 15:45:00,Short,3304.57,3306.77,-2.199999999999818,SL,0.9700000000002547,3.4699999999998,1,2.75,2.199999999999818,False,-8.679999999999836
2025-05-22 15:50:00,2025-05-22 16:00:00,Short,3304.01,3306.18,-2.169999999999618,SL,1.7900000000004184,8.269999999999982,2,2.7100000000000364,2.169999999999618,False,-10.849999999999454
2025-05-22 16:30:00,2025-05-22 16:35:00,Short,3311.06,3308.33,2.730000000000018,TP,5.5900000000001455,1.2800000000002,1,2.730000000000018,2.1799999999998363,True,-8.119999999999436
2025-05-22 16:40:00,2025-05-22 16:45:00,Short,3307.06,3302.19,4.869999999999891,TP,4.920000000000073,2.2200000000002547,1,4.869999999999891,2.7800000000002,True,-3.2499999999995453
2025-05-22 18:00:00,2025-05-22 18:05:00,Short,3297.08,3288.68,8.400000000000091,TP,15.569999999999709,0.0,1,8.400000000000091,-1.3699999999998909,True,5.150000000000546
2025-05-22 18:10:00,2025-05-22 18:15:00,Short,3285.18,3288.1,-2.9200000000000728,SL,0.0,8.0,1,3.649999999999636,2.9200000000000728,False,2.230000000000473
2025-05-22 18:40:00,2025-05-22 18:45:00,Short,3289.52,3292.05,-2.5300000000002,SL,0.0,4.869999999999891,1,3.1599999999998545,2.5300000000002,False,-0.29999999999972715
2025-05-22 19:35:00,2025-05-22 19:40:00,Short,3298.97,3300.94,-1.9700000000002547,SL,0.0,5.980000000000018,1,2.4699999999998,1.9700000000002547,False,-2.269999999999982
2025-05-22 19:45:00,2025-05-22 19:50:00,Short,3302.66,3304.55,-1.8900000000003274,SL,1.3099999999999454,2.1100000000001273,1,2.369999999999891,1.8900000000003274,False,-4.160000000000309
2025-05-22 19:55:00,2025-05-22 20:10:00,Short,3302.06,3300.35,1.7100000000000364,SL,4.769999999999982,0.0,3,5.5900000000001455,-1.7100000000000364,True,-2.450000000000273
2025-05-22 20:15:00,2025-05-22 20:25:00,Short,3298.34,3294.71,3.630000000000109,TP,5.289999999999964,1.569999999999709,2,3.630000000000109,1.6599999999998545,True,1.1799999999998363
2025-05-22 21:10:00,2025-05-22 21:15:00,Short,3296.42,3294.5,1.9200000000000728,TP,3.5100000000002183,1.3400000000001455,1,1.9200000000000728,1.5399999999999636,True,3.099999999999909
2025-05-22 21:20:00,2025-05-22 21:25:00,Short,3293.26,3294.83,-1.569999999999709,SL,0.0,2.949999999999818,1,1.9700000000002547,1.569999999999709,False,1.5300000000002
2025-05-22 21:30:00,2025-05-22 21:50:00,Short,3294.59,3295.05,-0.4600000000000364,Timeout,2.1900000000000546,1.3999999999996362,4,1.8500000000003638,1.4800000000000182,False,1.0700000000001637
2025-05-22 21:55:00,2025-05-22 22:00:00,Short,3295.04,3296.66,-1.6199999999998909,SL,1.2300000000000182,2.0900000000001455,1,2.8400000000001455,1.6199999999998909,False,-0.5499999999997272
2025-05-22 22:25:00,2025-05-22 22:30:00,Short,3293.38,3291.36,2.019999999999982,SL,3.980000000000018,0.0,1,3.8299999999999272,-2.019999999999982,True,1.4700000000002547
2025-05-22 22:50:00,2025-05-22 22:55:00,Short,3291.79,3292.95,-1.1599999999998545,SL,1.7100000000000364,1.4800000000000182,1,1.4600000000000364,1.1599999999998545,False,0.3100000000004002
2025-05-22 23:00:00,2025-05-22 23:15:00,Short,3290.33,3291.51,-1.180000000000291,SL,0.7799999999997453,1.300000000000182,3,1.4699999999998,1.180000000000291,False,-0.8699999999998909
2025-05-23 01:20:00,2025-05-23 01:25:00,Short,3295.61,3296.54,-0.9299999999998363,SL,0.0,3.0099999999997635,1,1.1600000000003092,0.9299999999998363,False,-1.7999999999997272
2025-05-23 01:35:00,2025-05-23 01:40:00,Short,3295.48,3296.46,-0.9800000000000182,SL,0.0,2.7199999999998,1,1.2300000000000182,0.9800000000000182,False,-2.7799999999997453
2025-05-23 01:50:00,2025-05-23 01:55:00,Short,3296.54,3297.5,-0.9600000000000364,SL,0.2699999999999818,1.2600000000002183,1,1.1900000000000546,0.9600000000000364,False,-3.7399999999997817
2025-05-23 02:00:00,2025-05-23 02:05:00,Long,3297.68,3300.62,2.9400000000000546,TP,3.6200000000003456,0.0,1,2.9400000000000546,-0.8400000000001455,True,-0.7999999999997272
2025-05-23 02:35:00,2025-05-23 02:45:00,Long,3299.13,3300.79,1.6599999999998545,TP,2.5399999999999636,0.8900000000003274,2,1.6599999999998545,1.3299999999999272,True,0.8600000000001273
2025-05-23 02:50:00,2025-05-23 02:55:00,Long,3301.48,3300.13,-1.349999999999909,SL,0.2199999999997999,1.9299999999998363,1,1.6900000000000546,1.349999999999909,False,-0.4899999999997817
2025-05-23 03:10:00,2025-05-23 03:15:00,Long,3298.57,3302.14,3.569999999999709,TP,4.230000000000018,0.0,1,3.569999999999709,-0.4600000000000364,True,3.0799999999999272
2025-05-23 04:00:00,2025-05-23 04:05:00,Long,3301.21,3305.48,4.269999999999982,TP,5.230000000000018,0.0,1,4.269999999999982,2.9299999999998363,True,7.349999999999909
2025-05-23 04:10:00,2025-05-23 04:15:00,Long,3304.34,3301.44,-2.900000000000091,SL,0.8899999999998727,4.720000000000255,1,3.619999999999891,2.900000000000091,False,4.449999999999818
2025-05-23 04:25:00,2025-05-23 04:30:00,Long,3303.06,3300.15,-2.9099999999998545,SL,1.5199999999999818,5.4699999999998,1,4.25,2.9099999999998545,False,1.5399999999999636
2025-05-23 04:45:00,2025-05-23 04:50:00,Long,3304.32,3301.26,-3.0599999999999454,SL,1.0799999999999272,3.1200000000003456,1,3.819999999999709,3.0599999999999454,False,-1.5199999999999818
2025-05-23 05:35:00,2025-05-23 05:40:00,Long,3293.41,3294.08,0.6700000000000728,SL,3.6100000000001273,1.1700000000000728,1,6.050000000000182,-0.6700000000000728,True,-0.849999999999909
2025-05-23 06:00:00,2025-05-23 06:20:00,Long,3296.8,3297.1,0.29999999999972715,SL,3.369999999999891,0.0,4,3.9099999999998545,-0.29999999999972715,True,-0.5500000000001819
2025-05-23 06:25:00,2025-05-23 06:45:00,Long,3299.68,3303.07,3.3900000000003274,TP,3.6900000000000546,1.699999999999818,4,3.3900000000003274,2.3299999999999272,True,2.8400000000001455
2025-05-23 08:10:00,2025-05-23 08:15:00,Long,3314.58,3318.42,3.8400000000001455,TP,4.190000000000055,0.0,1,3.8400000000001455,-2.099999999999909,True,6.680000000000291
2025-05-23 08:40:00,2025-05-23 08:50:00,Long,3319.61,3323.7,4.089999999999691,TP,5.0099999999997635,1.7000000000002728,2,4.089999999999691,-0.04999999999972715,True,10.769999999999982
2025-05-23 08:55:00,2025-05-23 09:00:00,Long,3324.34,3326.85,2.5099999999997635,TP,5.480000000000018,1.3900000000003274,1,2.5099999999997635,2.0100000000002183,True,13.279999999999745
2025-05-23 09:05:00,2025-05-23 09:10:00,Long,3329.25,3327.06,-2.1900000000000546,SL,0.30999999999994543,2.769999999999982,1,2.7399999999997817,2.1900000000000546,False,11.08999999999969
2025-05-23 09:30:00,2025-05-23 09:45:00,Long,3325.88,3330.53,4.650000000000091,TP,6.109999999999673,0.5399999999999636,3,4.650000000000091,-1.0399999999999636,True,15.739999999999782
2025-05-23 10:30:00,2025-05-23 10:35:00,Long,3330.86,3328.84,-2.019999999999982,SL,0.0,2.200000000000273,1,2.5299999999997453,2.019999999999982,False,13.7199999999998
2025-05-23 10:45:00,2025-05-23 10:50:00,Long,3331.16,3332.25,1.0900000000001455,SL,2.480000000000018,0.3599999999996726,1,4.180000000000291,-1.0900000000001455,True,14.809999999999945
2025-05-23 11:35:00,2025-05-23 11:45:00,Long,3326.72,3324.67,-2.049999999999727,SL,0.24000000000023647,2.919999999999618,2,2.5600000000004,2.049999999999727,False,12.760000000000218
2025-05-23 12:00:00,2025-05-23 12:05:00,Long,3326.37,3327.78,1.4100000000003092,SL,2.8600000000001273,0.23999999999978172,1,4.210000000000036,-1.4100000000003092,True,14.170000000000528
2025-05-23 13:20:00,2025-05-23 13:40:00,Long,3328.13,3331.31,3.1799999999998363,Timeout,3.4400000000000546,1.8900000000003274,4,4.099999999999909,-0.27999999999974534,True,17.350000000000364
2025-05-23 14:20:00,2025-05-23 14:25:00,Long,3328.43,3329.54,1.1100000000001273,SL,3.3700000000003456,0.0,1,4.330000000000382,-1.1100000000001273,True,18.46000000000049
2025-05-23 14:45:00,2025-05-23 14:50:00,Long,3334.54,3344.56,10.019999999999982,SL,15.179999999999836,0.0,1,6.980000000000018,-10.019999999999982,True,28.480000000000473
2025-05-23 15:10:00,2025-05-23 15:20:00,Long,3351.49,3347.24,-4.25,SL,1.5300000000002,4.979999999999563,2,5.3100000000004,4.25,False,24.230000000000473
2025-05-23 15:25:00,2025-05-23 15:30:00,Long,3351.79,3347.54,-4.25,SL,3.7100000000000364,5.730000000000018,1,5.320000000000164,4.25,False,19.980000000000473
2025-05-23 16:00:00,2025-05-23 16:20:00,Long,3357.4,3352.77,-4.630000000000109,SL,3.7199999999998,10.0300000000002,4,5.789999999999964,4.630000000000109,False,15.350000000000364
2025-05-23 16:40:00,2025-05-23 17:00:00,Long,3343.53,3338.75,-4.7800000000002,SL,5.329999999999927,6.940000000000055,4,5.9699999999998,4.7800000000002,False,10.570000000000164
2025-05-23 17:05:00,2025-05-23 17:10:00,Long,3342.42,3345.2,2.7799999999997453,SL,6.0900000000001455,0.0,1,9.929999999999836,-2.7799999999997453,True,13.349999999999909
2025-05-23 17:20:00,2025-05-23 17:25:00,Long,3352.63,3347.92,-4.710000000000036,SL,0.0,5.2400000000002365,1,5.889999999999873,4.710000000000036,False,8.639999999999873
2025-05-23 17:30:00,2025-05-23 17:50:00,Long,3351.62,3356.55,4.930000000000291,Timeout,6.349999999999909,0.9200000000000728,4,6.510000000000218,4.460000000000036,True,13.570000000000164
2025-05-23 18:35:00,2025-05-23 18:55:00,Long,3357.99,3361.69,3.700000000000273,Timeout,4.440000000000055,1.8699999999998909,4,4.850000000000364,3.319999999999709,True,17.270000000000437
2025-05-23 19:25:00,2025-05-23 19:45:00,Long,3360.41,3362.48,2.0700000000001637,Timeout,4.210000000000036,0.05999999999994543,4,5.059999999999945,-1.1200000000003456,True,19.3400000000006
2025-05-23 20:15:00,2025-05-23 20:20:00,Long,3360.16,3362.76,2.600000000000364,TP,3.1200000000003456,1.0099999999997635,1,2.600000000000364,2.0799999999999272,True,21.940000000000964
2025-05-23 20:25:00,2025-05-23 20:30:00,Long,3363.16,3364.08,0.9200000000000728,SL,2.6100000000001273,0.29999999999972715,1,4.450000000000273,-0.9200000000000728,True,22.860000000001037
2025-05-23 20:35:00,2025-05-23 20:45:00,Long,3365.11,3363.05,-2.0599999999999454,SL,0.09999999999990905,2.730000000000018,2,2.569999999999709,2.0599999999999454,False,20.80000000000109
2025-05-23 21:05:00,2025-05-23 21:25:00,Long,3363.83,3365.32,1.4900000000002365,Timeout,1.8899999999998727,0.0,4,2.75,0.0,True,22.290000000001328
2025-05-23 21:30:00,2025-05-23 21:40:00,Long,3365.22,3363.63,-1.5899999999996908,SL,0.5199999999999818,1.6199999999998909,2,1.9900000000002365,1.5899999999996908,False,20.700000000001637
2025-05-23 21:45:00,2025-05-23 21:50:00,Long,3365.03,3363.52,-1.5100000000002183,SL,0.0,3.900000000000091,1,1.8899999999998727,1.5100000000002183,False,19.19000000000142
2025-05-23 22:05:00,2025-05-23 22:10:00,Long,3365.64,3364.02,-1.6199999999998909,SL,0.0,2.2199999999998,1,2.0300000000002,1.6199999999998909,False,17.570000000001528
2025-05-23 22:15:00,2025-05-23 22:30:00,Long,3364.33,3362.81,-1.5199999999999818,SL,1.25,2.949999999999818,3,1.900000000000091,1.5199999999999818,False,16.050000000001546
2025-05-23 22:40:00,2025-05-23 22:45:00,Long,3362.04,3360.55,-1.4899999999997817,SL,0.0,2.6700000000000728,1,1.8699999999998909,1.4899999999997817,False,14.560000000001764
2025-05-23 22:55:00,2025-05-23 23:15:00,Long,3359.75,3360.4,0.650000000000091,SL,1.949999999999818,0.0,4,3.150000000000091,-0.650000000000091,True,15.210000000001855
2025-05-23 23:30:00,2025-05-23 23:35:00,Long,3361.05,3359.7,-1.3500000000003638,SL,0.0,3.0399999999999636,1,1.6899999999995998,1.3500000000003638,False,13.860000000001492
2025-05-26 01:05:00,2025-05-26 01:10:00,Short,3351.63,3349.16,2.4700000000002547,SL,5.5,0.7399999999997817,1,3.8200000000001637,-2.4700000000002547,True,16.330000000001746
2025-05-26 02:00:00,2025-05-26 02:05:00,Short,3344.44,3346.16,-1.7199999999998,SL,0.0,6.2199999999998,1,2.150000000000091,1.7199999999998,False,14.610000000001946
2025-05-26 02:20:00,2025-05-26 02:25:00,Short,3346.91,3348.42,-1.5100000000002183,SL,0.7100000000000364,2.0900000000001455,1,1.8899999999998727,1.5100000000002183,False,13.100000000001728
2025-05-26 02:40:00,2025-05-26 02:45:00,Short,3347.55,3343.23,4.320000000000164,TP,5.160000000000309,0.0,1,4.320000000000164,-0.21000000000003638,True,17.42000000000189
2025-05-26 03:00:00,2025-05-26 03:05:00,Short,3342.63,3344.03,-1.400000000000091,SL,2.0799999999999272,3.6099999999996726,1,1.75,1.400000000000091,False,16.0200000000018
2025-05-26 03:10:00,2025-05-26 03:15:00,Short,3341.96,3336.91,5.050000000000182,TP,8.36999999999989,0.0,1,5.050000000000182,-3.2800000000002,True,21.070000000001983
2025-05-26 03:45:00,2025-05-26 03:50:00,Short,3333.77,3335.49,-1.7199999999998,SL,0.0,5.730000000000018,1,2.150000000000091,1.7199999999998,False,19.350000000002183
2025-05-26 04:05:00,2025-05-26 04:10:00,Short,3337.92,3339.8,-1.8800000000001091,SL,2.3400000000001455,2.4400000000000546,1,2.349999999999909,1.8800000000001091,False,17.470000000002074
2025-05-26 04:25:00,2025-05-26 04:30:00,Short,3336.72,3338.75,-2.0300000000002,SL,0.0,7.5300000000002,1,2.5399999999999636,2.0300000000002,False,15.440000000001874
2025-05-26 04:40:00,2025-05-26 04:45:00,Short,3343.79,3345.72,-1.9299999999998363,SL,0.0,2.7800000000002,1,2.4099999999998545,1.9299999999998363,False,13.510000000002037
2025-05-26 04:50:00,2025-05-26 05:00:00,Short,3345.35,3347.24,-1.8899999999998727,SL,2.0799999999999272,2.519999999999982,2,4.139999999999873,1.8899999999998727,False,11.620000000002165
2025-05-26 05:10:00,2025-05-26 05:25:00,Short,3347.26,3349.08,-1.819999999999709,SL,1.3400000000001455,2.4799999999995634,3,2.2700000000004366,1.819999999999709,False,9.800000000002456
2025-05-26 05:40:00,2025-05-26 05:45:00,Short,3352.78,3354.54,-1.7599999999997635,SL,0.0,3.9899999999997817,1,2.200000000000273,1.7599999999997635,False,8.040000000002692
2025-05-26 05:55:00,2025-05-26 06:05:00,Short,3351.17,3347.09,4.079999999999927,TP,4.789999999999964,0.0,2,4.079999999999927,-1.2200000000002547,True,12.12000000000262
2025-05-26 06:10:00,2025-05-26 06:30:00,Short,3347.29,3346.74,0.5500000000001819,SL,2.9899999999997817,1.150000000000091,4,5.5099999999997635,-0.5500000000001819,True,12.670000000002801
2025-05-26 07:05:00,2025-05-26 07:10:00,Long,3348.09,3350.79,2.699999999999818,TP,2.819999999999709,0.0,1,2.699999999999818,1.8500000000003638,True,15.37000000000262
2025-05-26 07:45:00,2025-05-26 07:50:00,Long,3349.3,3349.63,0.32999999999992724,SL,1.7999999999997272,0.4600000000000364,1,3.599999999999909,-0.32999999999992724,True,15.700000000002547
2025-05-26 08:25:00,2025-05-26 08:30:00,Long,3348.78,3346.93,-1.8500000000003638,SL,0.0,4.480000000000018,1,2.319999999999709,1.8500000000003638,False,13.850000000002183
2025-05-26 08:45:00,2025-05-26 09:00:00,Long,3348.6,3346.58,-2.019999999999982,SL,0.930000000000291,3.1100000000001273,3,2.5300000000002,2.019999999999982,False,11.830000000002201
2025-05-26 09:55:00,2025-05-26 10:00:00,Short,3338.92,3338.62,0.3000000000001819,SL,4.920000000000073,0.0,1,4.0900000000001455,-0.3000000000001819,True,12.130000000002383
2025-05-26 10:40:00,2025-05-26 10:45:00,Short,3333.98,3335.23,-1.25,SL,0.7300000000000182,1.3200000000001637,1,1.5599999999999454,1.25,False,10.880000000002383
2025-05-26 11:10:00,2025-05-26 11:15:00,Short,3336.15,3335.77,0.38000000000010914,SL,2.6700000000000728,0.0,1,4.190000000000055,-0.38000000000010914,True,11.260000000002492
2025-05-26 11:25:00,2025-05-26 11:30:00,Short,3334.48,3335.81,-1.3299999999999272,SL,0.0,2.099999999999909,1,1.6700000000000728,1.3299999999999272,False,9.930000000002565
2025-05-26 11:40:00,2025-05-26 11:45:00,Short,3333.78,3335.13,-1.349999999999909,SL,1.3800000000001091,2.3399999999996908,1,1.6900000000000546,1.349999999999909,False,8.580000000002656
2025-05-26 12:15:00,2025-05-26 12:20:00,Short,3333.78,3335.03,-1.25,SL,3.4200000000000728,2.4699999999998,1,1.5600000000004002,1.25,False,7.330000000002656
2025-05-26 12:25:00,2025-05-26 12:30:00,Short,3332.38,3328.72,3.6600000000003092,SL,7.5300000000002,0.0,1,4.920000000000073,-3.6600000000003092,True,10.990000000002965
2025-05-26 12:50:00,2025-05-26 12:55:00,Short,3327.01,3328.46,-1.449999999999818,SL,0.0,2.619999999999891,1,1.8100000000004002,1.449999999999818,False,9.540000000003147
2025-05-26 13:30:00,2025-05-26 13:50:00,Short,3331.22,3330.7,0.5199999999999818,Timeout,2.0099999999997635,0.0,4,2.5799999999999272,-0.4399999999995998,True,10.060000000003129
2025-05-26 14:10:00,2025-05-26 14:30:00,Short,3331.86,3329.75,2.1100000000001273,TP,2.680000000000291,0.32999999999992724,4,2.1100000000001273,1.2100000000000364,True,12.170000000003256
2025-05-26 15:20:00,2025-05-26 15:25:00,Short,3333.05,3329.39,3.6600000000003092,SL,6.570000000000164,0.0,1,2.9400000000000546,-3.6600000000003092,True,15.830000000003565
2025-05-26 15:50:00,2025-05-26 15:55:00,Short,3332.36,3333.43,-1.069999999999709,SL,0.0,2.5299999999997453,1,1.3400000000001455,1.069999999999709,False,14.760000000003856
2025-05-26 16:05:00,2025-05-26 16:10:00,Short,3334.35,3331.99,2.3600000000001273,TP,2.8600000000001273,0.0,1,2.3600000000001273,1.349999999999909,True,17.120000000003984
2025-05-26 16:55:00,2025-05-26 17:05:00,Long,3338.29,3338.72,0.4299999999998363,SL,3.4299999999998363,0.7300000000000182,2,3.4299999999998363,-0.4299999999998363,True,17.55000000000382
2025-05-26 17:40:00,2025-05-26 17:45:00,Long,3338.41,3336.66,-1.75,SL,0.20000000000027285,2.449999999999818,1,2.550000000000182,1.75,False,15.80000000000382
2025-05-26 18:05:00,2025-05-26 18:25:00,Long,3338.58,3338.85,0.2699999999999818,Timeout,0.7800000000002001,1.4200000000000728,4,2.400000000000091,1.6399999999998727,True,16.0700000000038
2025-05-26 18:30:00,2025-05-26 18:40:00,Long,3338.85,3337.43,-1.4200000000000728,SL,0.8099999999999454,1.6599999999998545,2,1.7800000000002,1.4200000000000728,False,14.650000000003729
2025-05-26 18:55:00,2025-05-26 19:05:00,Long,3338.93,3337.63,-1.2999999999997272,SL,0.5199999999999818,1.3999999999996362,2,1.8900000000003274,1.2999999999997272,False,13.350000000004002
2025-05-26 19:25:00,2025-05-26 19:35:00,Long,3339.74,3340.09,0.3500000000003638,SL,1.8500000000003638,0.13999999999987267,2,2.4700000000002547,-0.3500000000003638,True,13.700000000004366
2025-05-26 19:40:00,2025-05-26 19:50:00,Long,3341.51,3342.13,0.6199999999998909,SL,1.8299999999999272,0.0,2,2.4799999999995634,-0.6199999999998909,True,14.320000000004256
2025-05-26 20:40:00,2025-05-26 21:00:00,Long,3341.43,3341.58,0.15000000000009095,Timeout,0.40000000000009095,0.5499999999997272,4,1.1300000000001091,0.8999999999996362,True,14.470000000004347
2025-05-26 21:05:00,2025-05-27 01:00:00,Long,3341.58,3343.18,1.599999999999909,TP,5.180000000000291,0.30999999999994543,2,1.599999999999909,-0.9400000000000546,True,16.070000000004256
2025-05-27 01:05:00,2025-05-27 01:10:00,Long,3346.32,3345.2,-1.1200000000003456,SL,0.0,3.2400000000002365,1,1.3899999999998727,1.1200000000003456,False,14.95000000000391
2025-05-27 03:00:00,2025-05-27 03:10:00,Long,3346.14,3348.33,2.1900000000000546,TP,3.349999999999909,1.0,2,2.1900000000000546,-0.45000000000027285,True,17.140000000003965
2025-05-27 03:45:00,2025-05-27 03:50:00,Long,3345.22,3343.86,-1.3599999999996726,SL,0.0,2.7799999999997453,1,1.7000000000002728,1.3599999999996726,False,15.780000000004293
2025-05-27 04:30:00,2025-05-27 04:35:00,Long,3339.26,3339.47,0.20999999999958163,SL,1.5599999999999454,3.800000000000182,1,3.7399999999997817,-0.20999999999958163,True,15.990000000003874
2025-05-27 04:40:00,2025-05-27 04:45:00,Short,3335.5,3333.63,1.8699999999998909,SL,3.6100000000001273,0.0,1,4.110000000000127,-1.8699999999998909,True,17.860000000003765
2025-05-27 05:45:00,2025-05-27 05:50:00,Short,3341.47,3342.68,-1.2100000000000364,SL,0.11999999999989086,1.6600000000003092,1,1.5099999999997635,1.2100000000000364,False,16.65000000000373
2025-05-27 06:00:00,2025-05-27 06:10:00,Short,3343.01,3344.15,-1.1399999999998727,SL,1.330000000000382,1.1899999999995998,2,2.5,1.1399999999998727,False,15.510000000003856
2025-05-27 06:25:00,2025-05-27 06:45:00,Short,3346.38,3343.02,3.3600000000001273,TP,5.140000000000327,0.8299999999999272,4,3.3600000000001273,-1.0100000000002183,True,18.870000000003984
2025-05-27 08:15:00,2025-05-27 08:30:00,Short,3328.62,3328.05,0.569999999999709,SL,3.9200000000000728,0.8699999999998909,3,3.4899999999997817,-0.569999999999709,True,19.440000000003693
2025-05-27 09:25:00,2025-05-27 09:35:00,Short,3322.93,3317.54,5.389999999999873,TP,6.929999999999836,0.0,2,5.389999999999873,-1.5599999999999454,True,24.830000000003565
2025-05-27 10:05:00,2025-05-27 10:10:00,Short,3306.28,3308.44,-2.1599999999998545,SL,0.0,6.1899999999996,1,2.700000000000273,2.1599999999998545,False,22.67000000000371
2025-05-27 10:30:00,2025-05-27 10:35:00,Short,3304.96,3307.15,-2.1900000000000546,SL,0.0,3.8600000000001273,1,2.7400000000002365,2.1900000000000546,False,20.480000000003656
2025-05-27 10:50:00,2025-05-27 10:55:00,Short,3306.23,3296.36,9.86999999999989,SL,13.63000000000011,0.0,1,7.550000000000182,-9.86999999999989,True,30.350000000003547
2025-05-27 11:15:00,2025-05-27 11:30:00,Short,3305.72,3302.66,3.0599999999999454,TP,6.419999999999618,2.650000000000091,3,3.0599999999999454,2.450000000000273,True,33.41000000000349
2025-05-27 11:35:00,2025-05-27 11:40:00,Short,3299.59,3301.97,-2.3799999999996544,SL,2.2400000000002365,3.799999999999727,1,2.9700000000002547,2.3799999999996544,False,31.030000000003838
2025-05-27 11:45:00,2025-05-27 11:50:00,Short,3299.78,3302.1,-2.319999999999709,SL,0.43000000000029104,2.4399999999996,1,2.9100000000003092,2.319999999999709,False,28.71000000000413
2025-05-27 11:55:00,2025-05-27 12:00:00,Short,3299.63,3302.36,-2.730000000000018,SL,1.6300000000001091,3.1799999999998363,1,4.789999999999964,2.730000000000018,False,25.98000000000411
2025-05-27 12:15:00,2025-05-27 12:25:00,Short,3306.12,3301.18,4.940000000000055,TP,5.489999999999782,0.0,2,4.940000000000055,2.8299999999999272,True,30.920000000004165
2025-05-27 12:30:00,2025-05-27 12:50:00,Short,3301.39,3298.22,3.1700000000000728,SL,6.849999999999909,0.0,4,6.920000000000073,-3.1700000000000728,True,34.09000000000424
2025-05-27 13:55:00,2025-05-27 14:00:00,Short,3294.42,3296.6,-2.1799999999998363,SL,1.5599999999999454,3.6100000000001273,1,3.8200000000001637,2.1799999999998363,False,31.910000000004402
2025-05-27 14:15:00,2025-05-27 14:25:00,Short,3293.4,3288.09,5.309999999999945,TP,5.380000000000109,0.0,2,5.309999999999945,-0.9100000000003092,True,37.22000000000435
2025-05-27 14:55:00,2025-05-27 15:00:00,Short,3290.61,3289.98,0.6300000000001091,SL,2.6100000000001273,0.34999999999990905,1,5.050000000000182,-0.6300000000001091,True,37.85000000000446
2025-05-27 15:30:00,2025-05-27 15:40:00,Short,3294.91,3296.76,-1.8500000000003638,SL,2.6799999999998363,2.2200000000002547,2,3.25,1.8500000000003638,False,36.00000000000409
2025-05-27 15:45:00,2025-05-27 15:50:00,Short,3294.49,3292.62,1.8699999999998909,TP,2.0299999999997453,1.3400000000001455,1,1.8699999999998909,1.5,True,37.870000000003984
2025-05-27 15:55:00,2025-05-27 16:00:00,Short,3293.34,3294.85,-1.5099999999997635,SL,0.2699999999999818,4.710000000000036,1,1.8900000000003274,1.5099999999997635,False,36.36000000000422
2025-05-27 16:25:00,2025-05-27 16:30:00,Short,3295.65,3297.12,-1.4699999999998,SL,0.9900000000002365,8.11999999999989,1,1.8400000000001455,1.4699999999998,False,34.89000000000442
2025-05-27 16:40:00,2025-05-27 16:45:00,Short,3299.51,3301.25,-1.7399999999997817,SL,2.9900000000002365,3.299999999999727,1,2.1700000000000728,1.7399999999997817,False,33.15000000000464
2025-05-27 16:50:00,2025-05-27 16:55:00,Short,3298.48,3292.82,5.6599999999998545,TP,6.289999999999964,0.0,1,5.6599999999998545,-0.4099999999998545,True,38.81000000000449
2025-05-27 17:50:00,2025-05-27 18:10:00,Long,3300.47,3297.88,-2.5899999999996908,SL,2.7900000000004184,2.799999999999727,4,3.7800000000002,2.5899999999996908,False,36.2200000000048
2025-05-27 18:40:00,2025-05-27 18:45:00,Long,3291.04,3294.56,3.519999999999982,TP,3.599999999999909,0.0,1,3.519999999999982,2.4099999999998545,True,39.740000000004784
2025-05-27 19:00:00,2025-05-27 19:20:00,Long,3293.51,3298.32,4.809999999999945,TP,5.229999999999563,0.4600000000000364,4,4.809999999999945,-0.9299999999998363,True,44.55000000000473
2025-05-27 20:10:00,2025-05-27 20:20:00,Long,3297.74,3301.06,3.3200000000001637,TP,4.800000000000182,0.0,2,3.3200000000001637,-1.6100000000001273,True,47.87000000000489
2025-05-27 21:15:00,2025-05-27 21:20:00,Long,3302.28,3300.93,-1.3500000000003638,SL,0.0,3.200000000000273,1,1.6799999999998363,1.3500000000003638,False,46.52000000000453
2025-05-27 21:30:00,2025-05-27 21:35:00,Long,3301.13,3301.42,0.2899999999999636,SL,2.069999999999709,0.010000000000218279,1,2.7599999999997635,-0.2899999999999636,True,46.81000000000449
2025-05-27 21:40:00,2025-05-27 22:00:00,Long,3301.59,3304.25,2.6599999999998545,TP,3.3799999999996544,0.3700000000003456,4,2.6599999999998545,-1.1299999999996544,True,49.47000000000435
2025-05-27 22:05:00,2025-05-27 22:25:00,Long,3304.1,3304.81,0.7100000000000364,Timeout,1.2100000000000364,0.21000000000003638,4,1.7400000000002365,1.1900000000000546,True,50.180000000004384
2025-05-27 23:15:00,2025-05-27 23:20:00,Long,3303.57,3304.98,1.4099999999998545,TP,1.5,0.0,1,1.4099999999998545,0.9700000000002547,True,51.59000000000424
2025-05-27 23:25:00,2025-05-27 23:30:00,Long,3304.92,3303.97,-0.9500000000002728,SL,0.0,1.2200000000002547,1,1.1900000000000546,0.9500000000002728,False,50.640000000003965
2025-05-27 23:40:00,2025-05-27 23:45:00,Long,3304.69,3303.79,-0.900000000000091,SL,0.0,1.5100000000002183,1,1.1300000000001091,0.900000000000091,False,49.740000000003874
2025-05-28 01:00:00,2025-05-28 01:05:00,Long,3301.23,3303.36,2.130000000000109,SL,4.070000000000164,0.0,1,2.3400000000001455,-2.130000000000109,True,51.870000000003984
2025-05-28 01:15:00,2025-05-28 01:20:00,Long,3303.48,3305.14,1.6599999999998545,TP,1.849999999999909,0.0,1,1.6599999999998545,1.1399999999998727,True,53.53000000000384
2025-05-28 01:50:00,2025-05-28 01:55:00,Long,3305.27,3304.17,-1.099999999999909,SL,0.0,2.599999999999909,1,1.3699999999998909,1.099999999999909,False,52.43000000000393
2025-05-28 02:05:00,2025-05-28 02:10:00,Long,3305.46,3307.43,1.9699999999998,TP,2.25,0.5399999999999636,1,1.9699999999998,1.5700000000001637,True,54.40000000000373
2025-05-28 03:35:00,2025-05-28 03:45:00,Long,3315.17,3313.82,-1.349999999999909,SL,0.09999999999990905,1.5900000000001455,2,1.6900000000000546,1.349999999999909,False,53.05000000000382
2025-05-28 04:30:00,2025-05-28 04:40:00,Long,3307.19,3305.5,-1.6900000000000546,SL,0.6599999999998545,6.650000000000091,2,2.1100000000001273,1.6900000000000546,False,51.360000000003765
2025-05-28 04:50:00,2025-05-28 05:00:00,Long,3302.22,3304.63,2.4100000000003092,TP,11.300000000000182,1.8799999999996544,2,2.4100000000003092,1.9299999999998363,True,53.770000000004075
2025-05-28 05:05:00,2025-05-28 05:25:00,Long,3303.74,3308.88,5.140000000000327,TP,6.7400000000002365,0.0,4,5.140000000000327,-1.7900000000004184,True,58.9100000000044
2025-05-28 06:20:00,2025-05-28 06:25:00,Short,3297.68,3292.93,4.75,TP,6.109999999999673,0.0,1,4.75,-0.10999999999967258,True,63.6600000000044
2025-05-28 07:25:00,2025-05-28 07:30:00,Short,3294.48,3295.78,-1.300000000000182,SL,0.0,2.0599999999999454,1,1.6199999999998909,1.300000000000182,False,62.36000000000422
2025-05-28 07:50:00,2025-05-28 07:55:00,Short,3295.82,3297.02,-1.199999999999818,SL,0.0,2.119999999999891,1,1.5100000000002183,1.199999999999818,False,61.1600000000044
2025-05-28 08:00:00,2025-05-28 08:05:00,Short,3296.4,3297.59,-1.1900000000000546,SL,0.0,5.599999999999909,1,1.4800000000000182,1.1900000000000546,False,59.97000000000435
2025-05-28 08:25:00,2025-05-28 08:30:00,Short,3306.32,3307.67,-1.349999999999909,SL,1.2000000000002728,2.4299999999998363,1,1.6900000000000546,1.349999999999909,False,58.62000000000444
2025-05-28 08:40:00,2025-05-28 08:45:00,Short,3306.09,3307.46,-1.3699999999998909,SL,0.2600000000002183,3.199999999999818,1,1.7100000000000364,1.3699999999998909,False,57.25000000000455
2025-05-28 08:50:00,2025-05-28 08:55:00,Short,3306.29,3307.66,-1.3699999999998909,SL,0.0,2.119999999999891,1,1.7100000000000364,1.3699999999998909,False,55.88000000000466
2025-05-28 09:00:00,2025-05-28 09:05:00,Short,3307.25,3302.93,4.320000000000164,TP,8.320000000000164,0.0,1,4.320000000000164,-1.4800000000000182,True,60.20000000000482
2025-05-28 10:35:00,2025-05-28 10:40:00,Long,3312.54,3310.49,-2.050000000000182,SL,5.0300000000002,2.2799999999997453,1,2.5599999999999454,2.050000000000182,False,58.15000000000464
2025-05-28 10:45:00,2025-05-28 10:50:00,Long,3317.5,3318.05,0.5500000000001819,SL,4.9699999999998,0.0,1,4.699999999999818,-0.5500000000001819,True,58.70000000000482
2025-05-28 11:05:00,2025-05-28 11:10:00,Long,3320.66,3323.59,2.930000000000291,TP,2.9700000000002547,1.6399999999998727,1,2.930000000000291,2.3399999999996908,True,61.63000000000511
2025-05-28 11:50:00,2025-05-28 11:55:00,Long,3320.8,3321.27,0.4699999999997999,SL,2.549999999999727,0.22000000000025466,1,5.1599999999998545,-0.4699999999997999,True,62.10000000000491
2025-05-28 12:25:00,2025-05-28 12:45:00,Long,3322.63,3325.12,2.4899999999997817,TP,2.849999999999909,1.5799999999999272,4,2.4899999999997817,1.9900000000002365,True,64.5900000000047
2025-05-28 13:05:00,2025-05-28 13:10:00,Long,3324.49,3322.84,-1.6499999999996362,SL,0.0,4.989999999999782,1,2.0700000000001637,1.6499999999996362,False,62.94000000000506
2025-05-28 13:40:00,2025-05-28 13:45:00,Long,3315.68,3313.99,-1.6900000000000546,SL,0.42000000000007276,3.9400000000000546,1,2.4600000000000364,1.6900000000000546,False,61.250000000005
2025-05-28 13:50:00,2025-05-28 14:00:00,Long,3313.58,3311.86,-1.7199999999998,SL,1.5300000000002,2.4899999999997817,2,2.1599999999998545,1.7199999999998,False,59.5300000000052
2025-05-28 14:05:00,2025-05-28 14:10:00,Long,3312.52,3310.82,-1.699999999999818,SL,1.1100000000001273,2.8200000000001637,1,2.4699999999998,1.699999999999818,False,57.830000000005384
2025-05-28 14:20:00,2025-05-28 14:25:00,Long,3311.27,3313.5,2.230000000000018,TP,2.2899999999999636,0.11000000000012733,1,2.230000000000018,1.7800000000002,True,60.0600000000054
2025-05-28 14:30:00,2025-05-28 14:35:00,Long,3313.2,3311.44,-1.7599999999997635,SL,0.6400000000003274,3.049999999999727,1,2.1900000000000546,1.7599999999997635,False,58.30000000000564
2025-05-28 15:45:00,2025-05-28 15:50:00,Short,3311.31,3312.72,-1.4099999999998545,SL,0.0,1.9800000000000182,1,1.7699999999999818,1.4099999999998545,False,56.890000000005784
2025-05-28 15:55:00,2025-05-28 16:00:00,Short,3312.13,3313.48,-1.349999999999909,SL,1.5199999999999818,4.269999999999982,1,1.6900000000000546,1.349999999999909,False,55.540000000005875
2025-05-28 16:05:00,2025-05-28 16:10:00,Short,3312.63,3307.89,4.7400000000002365,TP,5.860000000000127,0.0,1,4.7400000000002365,-1.4700000000002547,True,60.28000000000611
2025-05-28 16:25:00,2025-05-28 16:30:00,Short,3308.24,3307.34,0.8999999999996362,SL,4.119999999999891,0.330000000000382,1,5.079999999999927,-0.8999999999996362,True,61.18000000000575
2025-05-28 16:40:00,2025-05-28 16:45:00,Short,3303.69,3303.33,0.36000000000012733,SL,2.630000000000109,0.6999999999998181,1,5.7400000000002365,-0.36000000000012733,True,61.540000000005875
2025-05-28 17:10:00,2025-05-28 17:25:00,Short,3305.28,3307.16,-1.8799999999996544,SL,2.650000000000091,3.099999999999909,3,2.350000000000364,1.8799999999996544,False,59.66000000000622
2025-05-28 17:35:00,2025-05-28 17:40:00,Short,3306.73,3304.91,1.8200000000001637,SL,5.2800000000002,0.0,1,5.690000000000055,-1.8200000000001637,True,61.480000000006385
2025-05-28 17:50:00,2025-05-28 18:00:00,Short,3302.56,3300.34,2.2199999999998,TP,7.449999999999818,0.7100000000000364,2,2.2199999999998,1.7800000000002,True,63.700000000006185
2025-05-28 19:35:00,2025-05-28 19:40:00,Short,3294.72,3291.7,3.019999999999982,TP,3.419999999999618,0.0,1,3.019999999999982,1.7300000000000182,True,66.72000000000617
2025-05-28 20:10:00,2025-05-28 20:15:00,Short,3291.67,3292.97,-1.2999999999997272,SL,0.0,6.7199999999998,1,1.6199999999998909,1.2999999999997272,False,65.42000000000644
2025-05-28 20:50:00,2025-05-28 20:55:00,Short,3295.78,3296.87,-1.0899999999996908,SL,0.5,1.3299999999999272,1,1.3700000000003456,1.0899999999996908,False,64.33000000000675
2025-05-28 21:00:00,2025-05-28 21:05:00,Short,3296.54,3297.64,-1.099999999999909,SL,0.0,4.179999999999836,1,1.3699999999998909,1.099999999999909,False,63.23000000000684
2025-05-28 21:30:00,2025-05-28 21:50:00,Short,3301.54,3302.22,-0.6799999999998363,Timeout,2.119999999999891,1.2300000000000182,4,2.3200000000001637,1.3299999999999272,False,62.550000000007
2025-05-28 22:05:00,2025-05-28 22:10:00,Short,3300.82,3297.78,3.0399999999999636,TP,5.330000000000382,0.0,1,3.0399999999999636,-0.3400000000001455,True,65.59000000000697
2025-05-28 22:45:00,2025-05-28 22:50:00,Short,3294.9,3296.04,-1.1399999999998727,SL,0.0,2.6399999999998727,1,1.430000000000291,1.1399999999998727,False,64.4500000000071
2025-05-28 23:40:00,2025-05-28 23:45:00,Short,3295.41,3292.4,3.0099999999997635,TP,4.489999999999782,0.0,1,3.0099999999997635,-0.44000000000005457,True,67.46000000000686
2025-05-29 01:20:00,2025-05-29 01:30:00,Short,3289.65,3287.45,2.200000000000273,SL,6.710000000000036,0.0,2,5.470000000000255,-2.200000000000273,True,69.66000000000713
2025-05-29 02:05:00,2025-05-29 02:10:00,Short,3282.4,3276.94,5.460000000000036,TP,16.2800000000002,0.0,1,5.460000000000036,-3.5900000000001455,True,75.12000000000717
2025-05-29 02:35:00,2025-05-29 02:40:00,Short,3260.37,3255.07,5.299999999999727,TP,10.109999999999673,0.0,1,5.299999999999727,3.0300000000002,True,80.4200000000069
2025-05-29 03:55:00,2025-05-29 04:00:00,Short,3268.04,3260.4,7.639999999999873,TP,13.61999999999989,0.0,1,7.639999999999873,-0.4899999999997817,True,88.06000000000677
2025-05-29 04:05:00,2025-05-29 04:15:00,Short,3255.33,3249.4,5.929999999999836,TP,9.829999999999927,0.8600000000001273,2,5.929999999999836,2.7100000000000364,True,93.9900000000066
2025-05-29 04:35:00,2025-05-29 04:40:00,Short,3249.43,3252.4,-2.9700000000002547,SL,0.0,6.5,1,3.7100000000000364,2.9700000000002547,False,91.02000000000635
2025-05-29 05:20:00,2025-05-29 05:40:00,Short,3264.25,3266.66,-2.4099999999998545,SL,2.6900000000000546,5.760000000000218,4,3.019999999999982,2.4099999999998545,False,88.6100000000065
2025-05-29 05:50:00,2025-05-29 06:10:00,Short,3272.32,3270.24,2.080000000000382,Timeout,4.220000000000255,1.3899999999998727,4,4.960000000000036,2.8399999999996908,True,90.69000000000688
2025-05-29 06:15:00,2025-05-29 06:20:00,Short,3270.24,3272.24,-2.0,SL,0.0,7.0300000000002,1,2.5,2.0,False,88.69000000000688
2025-05-29 07:15:00,2025-05-29 07:35:00,Long,3273.87,3273.5,-0.36999999999989086,Timeout,1.4900000000002365,1.9299999999998363,4,2.9200000000000728,2.3399999999996908,False,88.32000000000698
2025-05-29 07:40:00,2025-05-29 07:50:00,Long,3273.5,3271.42,-2.0799999999999272,SL,0.7899999999999636,3.1900000000000546,2,2.599999999999909,2.0799999999999272,False,86.24000000000706
2025-05-29 08:05:00,2025-05-29 08:25:00,Long,3270.05,3271.93,1.8799999999996544,Timeout,2.1599999999998545,1.6200000000003456,4,2.4699999999998,1.9800000000000182,True,88.12000000000671
2025-05-29 08:55:00,2025-05-29 09:00:00,Long,3269.64,3273.98,4.3400000000001455,TP,6.7400000000002365,0.0,1,4.3400000000001455,-1.430000000000291,True,92.46000000000686
2025-05-29 10:05:00,2025-05-29 10:10:00,Long,3274.31,3277.09,2.7800000000002,TP,4.0,0.0,1,2.7800000000002,1.900000000000091,True,95.24000000000706
2025-05-29 10:50:00,2025-05-29 10:55:00,Long,3280.85,3285.28,4.430000000000291,TP,6.550000000000182,0.0,1,4.430000000000291,-2.1600000000003092,True,99.67000000000735
2025-05-29 11:30:00,2025-05-29 11:35:00,Long,3283.33,3281.18,-2.150000000000091,SL,0.0,4.619999999999891,1,2.6900000000000546,2.150000000000091,False,97.52000000000726
2025-05-29 11:45:00,2025-05-29 12:05:00,Long,3280.42,3280.09,-0.32999999999992724,Timeout,1.7799999999997453,0.9500000000002728,4,2.980000000000018,2.0399999999999636,False,97.19000000000733
2025-05-29 12:20:00,2025-05-29 12:25:00,Long,3279.38,3277.61,-1.7699999999999818,SL,0.33999999999969077,3.150000000000091,1,2.2199999999998,1.7699999999999818,False,95.42000000000735
2025-05-29 12:30:00,2025-05-29 12:35:00,Long,3278.58,3282.48,3.900000000000091,TP,4.619999999999891,0.0,1,3.900000000000091,-1.5700000000001637,True,99.32000000000744
2025-05-29 14:30:00,2025-05-29 14:35:00,Long,3302.23,3300.13,-2.099999999999909,SL,0.0,3.2600000000002183,1,2.619999999999891,2.099999999999909,False,97.22000000000753
2025-05-29 14:50:00,2025-05-29 14:55:00,Long,3304.94,3302.72,-2.2200000000002547,SL,0.0,5.650000000000091,1,2.7799999999997453,2.2200000000002547,False,95.00000000000728
2025-05-29 15:05:00,2025-05-29 15:15:00,Long,3302.07,3306.71,4.639999999999873,TP,8.349999999999909,0.0,2,4.639999999999873,-0.819999999999709,True,99.64000000000715
2025-05-29 15:30:00,2025-05-29 15:35:00,Long,3309.56,3311.25,1.6900000000000546,SL,5.2400000000002365,0.0,1,4.950000000000273,-1.6900000000000546,True,101.3300000000072
2025-05-29 15:45:00,2025-05-29 15:50:00,Long,3313.63,3311.16,-2.4700000000002547,SL,0.0,3.769999999999982,1,3.0799999999999272,2.4700000000002547,False,98.86000000000695
2025-05-29 16:00:00,2025-05-29 16:05:00,Long,3316.43,3313.67,-2.7599999999997635,SL,0.0,6.049999999999727,1,3.450000000000273,2.7599999999997635,False,96.10000000000719
2025-05-29 16:20:00,2025-05-29 16:30:00,Long,3314.3,3320.07,5.769999999999982,TP,7.639999999999873,0.0,2,5.769999999999982,-2.7899999999999636,True,101.87000000000717
2025-05-29 16:50:00,2025-05-29 16:55:00,Long,3314.75,3317.92,3.1700000000000728,SL,5.510000000000218,2.8400000000001455,1,6.150000000000091,-3.1700000000000728,True,105.04000000000724
2025-05-29 17:10:00,2025-05-29 17:20:00,Long,3317.76,3314.52,-3.2400000000002365,SL,0.1799999999998363,4.790000000000418,2,4.049999999999727,3.2400000000002365,False,101.800000000007
2025-05-29 17:35:00,2025-05-29 17:40:00,Long,3312.43,3309.24,-3.1900000000000546,SL,0.0,7.639999999999873,1,3.9900000000002365,3.1900000000000546,False,98.61000000000695
2025-05-29 17:45:00,2025-05-29 17:55:00,Long,3307.98,3310.21,2.230000000000018,SL,5.869999999999891,0.0,2,6.679999999999836,-2.230000000000018,True,100.84000000000697
2025-05-29 18:05:00,2025-05-29 18:20:00,Long,3314.66,3314.81,0.15000000000009095,SL,2.9100000000003092,0.0,3,4.460000000000036,-0.15000000000009095,True,100.99000000000706
2025-05-29 18:25:00,2025-05-29 18:45:00,Long,3315.84,3319.16,3.319999999999709,Timeout,3.649999999999636,1.0100000000002183,4,3.8899999999998727,2.6700000000000728,True,104.31000000000677
2025-05-29 19:15:00,2025-05-29 19:20:00,Long,3329.52,3326.81,-2.7100000000000364,SL,0.0,4.820000000000164,1,3.380000000000109,2.7100000000000364,False,101.60000000000673
2025-05-29 19:45:00,2025-05-29 19:50:00,Long,3326.12,3323.83,-2.2899999999999636,SL,0.0,3.7100000000000364,1,2.869999999999891,2.2899999999999636,False,99.31000000000677
2025-05-29 20:15:00,2025-05-29 20:25:00,Long,3321.91,3319.88,-2.0299999999997453,SL,0.3500000000003638,3.1399999999998727,2,2.5399999999999636,2.0299999999997453,False,97.28000000000702
2025-05-29 20:35:00,2025-05-29 20:40:00,Long,3320.45,3322.88,2.430000000000291,TP,2.6200000000003456,0.919999999999618,1,2.430000000000291,1.949999999999818,True,99.71000000000731
2025-05-29 20:45:00,2025-05-29 21:05:00,Long,3323.0,3322.73,-0.2699999999999818,Timeout,2.7600000000002183,1.5100000000002183,4,2.400000000000091,1.9200000000000728,False,99.44000000000733
2025-05-29 21:45:00,2025-05-29 22:05:00,Long,3321.14,3319.44,-1.699999999999818,SL,0.41000000000030923,1.9299999999998363,4,2.1200000000003456,1.699999999999818,False,97.74000000000751
